Aspect Ratio,Circularity,Convexity,Solidity,Rectangularity,Herbal
0.372222222,0.414547603,1.048037889,0.986465435,1.371268303,Bayabas
0.43364486,0.447313077,1.045098039,0.988798714,1.363776205,Bayabas
0.401473297,0.443101025,1.053359684,0.989713696,1.31300538,Bayabas
0.375886525,0.42789402,1.048449612,0.98857061,1.333065757,Bayabas
0.405679513,0.428202581,1.05788712,0.987780566,1.353763352,Bayabas
0.39874739,0.388079226,1.110447761,0.984394345,1.337988827,Bayabas
0.384965831,0.368405897,1.126029654,0.984969435,1.354245765,Bayabas
0.383947939,0.403739005,1.072327044,0.984015408,1.365069009,Bayabas
0.384120172,0.39861848,1.079315708,0.979154984,1.36493651,Bayabas
0.3975,0.460065965,1.000896057,0.990244748,1.392324701,Bayabas
0.349056604,0.383386708,1.089473684,0.985240857,1.333389996,Bayabas
0.349009901,0.430670679,1.02946593,0.9856423,1.329784999,Bayabas
0.395238095,0.421731694,1.056410256,0.985582468,1.359859567,Bayabas
0.34537246,0.374131175,1.089225589,0.982150597,1.359604429,Bayabas
0.374509804,0.443081824,1.020714286,0.989840528,1.352897876,Bayabas
0.343859649,0.372841562,1.082677165,0.969979346,1.383084084,Bayabas
0.434163701,0.463532604,1.013715711,0.984891941,1.40609491,Bayabas
0.354098361,0.427953557,1.042579075,0.983408036,1.316967855,Bayabas
0.353535354,0.409852297,1.041147132,0.981399163,1.371372032,Bayabas
0.376623377,0.423809137,1.042553191,0.984945752,1.361792956,Bayabas
1.083900227,0.104374381,2.065359477,0.721011802,1.765004354,Ampalaya
0.96327212,0.071783067,2.289787234,0.641504385,2.089606472,Ampalaya
1.042505593,0.093759834,2.078990675,0.678258613,1.943605199,Ampalaya
0.954070981,0.087614867,2.146901709,0.684468675,1.94378291,Ampalaya
0.93438914,0.102885777,2.135831382,0.729961679,1.675394881,Ampalaya
1.043147208,0.09146763,2.11242236,0.679998708,1.923389396,Ampalaya
0.958656331,0.072729655,2.197620621,0.601445665,2.243881474,Ampalaya
0.938118812,0.087089073,2.164638053,0.669917708,1.935041957,Ampalaya
0.89373297,0.117103807,1.830569575,0.666836871,2.003795319,Ampalaya
1.009202454,0.104265592,1.99770291,0.705586927,1.899040334,Ampalaya
0.730769231,0.613961044,1,0.977890082,1.276485788,Malunggay
0.785714286,0.61443494,1,0.979871912,1.294117647,Malunggay
0.659574468,0.612980423,1,0.978298611,1.292812777,Malunggay
0.673076923,0.61755325,1.005882353,0.982900137,1.266527488,Malunggay
0.740740741,0.617267749,0.994565217,0.977421272,1.313069909,Malunggay
0.862068966,0.623762186,1.004716981,0.983406114,1.287744227,Malunggay
0.630769231,0.557098253,1,0.984094407,1.389468196,Malunggay
0.625,0.602410356,1,0.981308411,1.28320802,Malunggay
0.723076923,0.546929327,1,0.98079561,1.424242424,Malunggay
0.731343284,0.567111139,1,0.980359382,1.39940324,Malunggay
0.376168224,0.328463836,1.091758709,0.965683313,1.596561651,Sambong
0.403397028,0.33491803,1.10091047,0.94687906,1.5948176,Sambong
0.419700214,0.262358522,1.206193353,0.917735264,1.719007644,Sambong
0.455301455,0.285307439,1.246781116,0.949076049,1.527183368,Sambong
0.45030426,0.314589549,1.18697479,0.952635762,1.521689561,Sambong
0.38305709,0.332722547,1.094,0.958500813,1.584067321,Sambong
0.367837338,0.332356706,1.090108401,0.959017886,1.572329891,Sambong
0.39862069,0.354181275,1.055719921,0.95726977,1.621760736,Sambong
0.386486486,0.317356752,1.105957031,0.956148572,1.633516259,Sambong
0.378873239,0.30029238,1.102813299,0.941371391,1.719406909,Sambong
0.455357143,0.339534089,1.118852459,0.945921348,1.595555487,Sambong
0.411214953,0.282822731,1.199557767,0.926406699,1.599245141,Sambong
0.345038168,0.336805884,1.060295791,0.958855025,1.589600962,Sambong
0.367137356,0.336073431,1.068139098,0.956029282,1.612427898,Sambong
0.406369427,0.304678022,1.163043478,0.960167665,1.566170492,Sambong
0.35857461,0.293507452,1.139344262,0.969092588,1.601892426,Sambong
0.403329065,0.366539859,1.045205479,0.973147824,1.609750831,Sambong
0.351501669,0.359510118,1.047815334,0.965397671,1.536718885,Sambong
0.376744186,0.310026185,1.103127642,0.942564062,1.657959563,Sambong
0.438967136,0.34773905,1.109387755,0.956625705,1.558722099,Sambong
0.392116183,0.268960156,1.180327869,0.922294498,1.696369299,Sambong
0.365048544,0.298047897,1.142094017,0.94580343,1.587636051,Sambong
0.4,0.361978863,1.055859375,0.969209373,1.591243859,Sambong
0.453033268,0.352970838,1.087601078,0.962750735,1.616723953,Sambong
0.413793103,0.353441201,1.080454928,0.941078049,1.581587381,Sambong
0.41875,0.444051995,1.015555556,0.969012605,1.452574526,Tsaang-Gubat
0.5,0.475043595,1.017964072,0.96831376,1.435240275,Tsaang-Gubat
0.534482759,0.475381613,1.025568182,0.95579682,1.458823529,Tsaang-Gubat
0.460992908,0.434027857,1.036764706,0.962167212,1.483009709,Tsaang-Gubat
0.512605042,0.448223345,1.019662921,0.949878739,1.544468085,Tsaang-Gubat
0.395721925,0.413587169,1.025,0.953011925,1.48,Tsaang-Gubat
0.513274336,0.461511684,1.017751479,0.960866681,1.508053382,Tsaang-Gubat
0.440414508,0.423743675,1.012681159,0.95817041,1.556894752,Tsaang-Gubat
0.461038961,0.473413756,1.029147982,0.982545184,1.377598589,Tsaang-Gubat
0.391566265,0.435021091,1.010917031,0.958290289,1.453981943,Tsaang-Gubat
0.385,0.342904946,1.110909091,0.937080305,1.511730637,Tsaang-Gubat
0.409638554,0.465060142,1.019313305,0.972853315,1.351856287,Tsaang-Gubat
0.421686747,0.466006971,1.014957265,0.969412583,1.388789291,Tsaang-Gubat
0.479768786,0.39673308,1.070866142,0.948720552,1.536872525,Tsaang-Gubat
0.347150259,0.405194086,0.998062016,0.966546112,1.512043966,Tsaang-Gubat
0.5,0.472913254,1.010638298,0.966203914,1.470027088,Tsaang-Gubat
0.43373494,0.455215407,1.023206751,0.970169646,1.402652271,Tsaang-Gubat
0.344129555,0.393088954,1.016666667,0.965384879,1.490698665,Tsaang-Gubat
0.389140271,0.389324324,1.049180328,0.962019559,1.497714736,Tsaang-Gubat
0.453703704,0.403993237,1.054313099,0.948138118,1.511568123,Tsaang-Gubat
0.41954023,0.43054898,1.008130081,0.957732076,1.506940325,Tsaang-Gubat
0.401098901,0.439557247,1.007905138,0.971593336,1.46032095,Tsaang-Gubat
0.367647059,0.414205437,1.003597122,0.958621334,1.490792166,Tsaang-Gubat
0.39893617,0.401998599,1.011450382,0.944205107,1.569107501,Tsaang-Gubat
0.378600823,0.355364497,1.100600601,0.969005102,1.471370278,Tsaang-Gubat
0.47311828,0.391914126,1.11002445,0.976529566,1.432271614,Niyog-Niyogan
0.481967213,0.452882515,1.0654102,0.977818908,1.347084097,Niyog-Niyogan
0.489361702,0.495000646,1.015550239,0.985081359,1.370619519,Niyog-Niyogan
0.475949367,0.451388424,1.029234738,0.982325883,1.442866303,Niyog-Niyogan
0.488135593,0.496449172,1.039954338,0.986490552,1.295635465,Niyog-Niyogan
0.44279661,0.428207139,1.087628866,0.967866675,1.32703768,Niyog-Niyogan
0.460352423,0.438939561,1.027987897,0.979770059,1.470849933,Niyog-Niyogan
0.427272727,0.433883625,1.051020408,0.973668089,1.378328517,Niyog-Niyogan
0.45752608,0.460312766,1.025076766,0.973335629,1.401702481,Niyog-Niyogan
0.456400742,0.460731124,1.042784163,0.985723936,1.356169007,Niyog-Niyogan
0.453400504,0.431672467,1.0390625,0.971977566,1.45187834,Niyog-Niyogan
0.488095238,0.46653801,1.04494382,0.986565924,1.368056438,Niyog-Niyogan
0.472118959,0.462959402,1.042983565,0.98369981,1.362432702,Niyog-Niyogan
0.503685504,0.471553195,1.047540984,0.972223985,1.361337271,Niyog-Niyogan
0.433408578,0.438399117,1.029968454,0.964705501,1.42941651,Niyog-Niyogan
0.376569038,0.361476011,1.075342466,0.943798067,1.498119515,Niyog-Niyogan
0.48189415,0.49777372,1.011299435,0.982623282,1.35928301,Niyog-Niyogan
0.497076023,0.476373661,1.041176471,0.984435081,1.359840954,Niyog-Niyogan
0.456824513,0.443372407,1.061302682,0.981465117,1.359251991,Niyog-Niyogan
0.470031546,0.392401476,1.109913793,0.953570709,1.42577276,Niyog-Niyogan
0.459876543,0.456335633,1.038135593,0.97768558,1.384218374,Niyog-Niyogan
0.455319149,0.442522053,1.062316716,0.963825738,1.360347323,Niyog-Niyogan
0.525222552,0.440868849,1.078125,0.969109081,1.394971936,Niyog-Niyogan
0.482695811,0.469424109,1.04864532,0.984541985,1.342868219,Niyog-Niyogan
0.45855615,0.429372671,1.055504587,0.976577219,1.418201517,Niyog-Niyogan
1.017291066,0.126757135,1.815225161,0.737826335,1.882977783,Ampalaya
1.072254335,0.122094281,1.762303665,0.747613931,2.073069205,Ampalaya
0.995384615,0.153440728,1.685042406,0.749748518,1.802707383,Ampalaya
1.076495132,0.116622254,1.86423064,0.716078245,1.939065565,Ampalaya
1.080924855,0.108960277,1.93125,0.689573795,1.929689306,Ampalaya
0.95,0.098463116,2.008205128,0.693911376,1.97658064,Ampalaya
1.078556263,0.085587708,2.064928425,0.651035655,2.153452916,Ampalaya
1.003891051,0.0945774,2.007292173,0.630987799,2.067024129,Ampalaya
0.92173913,0.096233262,2.009062075,0.66250253,2.024123433,Ampalaya
0.935135135,0.08826195,2.021435228,0.632116348,2.179302883,Ampalaya
1.056234719,0.087492215,2.066071429,0.68362931,2.106387544,Ampalaya
1.078947368,0.091282647,2.058146229,0.708689247,2.030590592,Ampalaya
0.976359338,0.103298107,1.994011976,0.679283106,1.916546905,Ampalaya
1.004555809,0.092375857,1.980648833,0.616842893,2.174683231,Ampalaya
1.032745592,0.091908116,2.071960298,0.673762965,1.994974874,Ampalaya
1.015350877,0.090260425,2.033824332,0.653159637,2.114981217,Ampalaya
1.014669927,0.090330623,2.001215067,0.601268897,2.176201344,Ampalaya
1.078556263,0.075262677,2.20020429,0.639056418,2.15260047,Ampalaya
1.055309735,0.118521589,1.868137783,0.691350138,1.897404758,Ampalaya
0.988738739,0.08215503,2.147643384,0.647782927,2.084395586,Ampalaya
0.915632754,0.094834595,1.941520468,0.621270239,2.207055716,Ampalaya
0.959064327,0.140474773,1.707554226,0.738406945,1.925305506,Ampalaya
0.965517241,0.131946807,1.828947368,0.73451189,1.778913738,Ampalaya
1.097484277,0.10478679,2.009009009,0.697166408,1.858590257,Ampalaya
0.960960961,0.079751165,2.124042879,0.626086511,2.181996888,Ampalaya
1.062686567,0.073970446,2.201881331,0.607157974,2.187975856,Ampalaya
1.101265823,0.089133093,1.961480363,0.587769846,2.298758309,Ampalaya
1.033333333,0.078622304,2.199589884,0.6341578,2.066985646,Ampalaya
1.027027027,0.093943938,2.03,0.642981708,2.028391713,Ampalaya
1.005847953,0.098049662,2.049635036,0.674834917,1.912291538,Ampalaya
0.993589744,0.121948444,1.775987107,0.668804268,2.051760713,Ampalaya
1.034602076,0.121591734,1.792838875,0.684556565,2.019278854,Ampalaya
1.099378882,0.098186923,1.916420118,0.640034165,2.173104053,Ampalaya
1.144366197,0.086061763,2.171617162,0.684830463,1.945492486,Ampalaya
1.113333333,0.097642157,2.034700315,0.682038163,1.937317531,Ampalaya
1.032608696,0.088193437,2.025939177,0.612080103,2.18469657,Ampalaya
1.13304721,0.089005351,2.134072581,0.669161203,1.937813061,Ampalaya
1.263736264,0.108188904,1.936893204,0.672039716,1.90880073,Ampalaya
0.975124378,0.079852312,2.136708861,0.630014962,2.175853308,Ampalaya
1.229508197,0.088510559,2.052825553,0.634726481,2.093608583,Ampalaya
0.384359401,0.503567511,1.024669073,0.98205217,1.194563712,Akapulko
0.373684211,0.538571204,1.007682458,0.990078699,1.143435675,Akapulko
0.451376147,0.529461771,1.027249683,0.983817936,1.210990778,Akapulko
0.452865065,0.535564084,1.03380102,0.984726179,1.183574879,Akapulko
0.435294118,0.519332922,1.033515732,0.987948401,1.19993641,Akapulko
0.436758893,0.495964684,1.047520661,0.987155924,1.22473879,Akapulko
0.436507937,0.524191852,1.021438451,0.989248715,1.218461538,Akapulko
0.43220339,0.521672008,1.017037037,0.989105157,1.230391781,Akapulko
0.412147505,0.526804451,1.018489985,0.981184128,1.195506784,Akapulko
0.420168067,0.497849004,1.028888889,0.985291843,1.245502715,Akapulko
0.45785877,0.542025569,1.019592476,0.986461106,1.208637528,Akapulko
0.465277778,0.558042693,1.015847861,0.985684381,1.189723916,Akapulko
0.466970387,0.539368584,1.017107309,0.987374281,1.225538927,Akapulko
0.450471698,0.561512909,1.021207178,0.989503426,1.156220553,Akapulko
0.465686275,0.531542381,1.038590604,0.977960477,1.195761156,Akapulko
0.41607565,0.533974548,1.005862647,0.989729843,1.214664469,Akapulko
0.420537897,0.557650588,1.003454231,0.990527673,1.174051636,Akapulko
0.429268293,0.523863418,1.035958904,0.980182755,1.182272467,Akapulko
0.47,0.554984785,1.013651877,0.985408037,1.206462274,Akapulko
0.494871795,0.563704714,1.01979346,0.987644836,1.194932609,Akapulko
0.43622449,0.540202512,1.029411765,0.985580724,1.168884161,Akapulko
0.451371571,0.547339643,1.018965517,0.987841304,1.192726735,Akapulko
0.495821727,0.554884188,1.027102804,0.987300529,1.198192455,Akapulko
0.477088949,0.556681002,1.025641026,0.989353179,1.181720024,Akapulko
0.442970822,0.546540097,1.010128913,0.990143776,1.202907965,Akapulko
0.481268012,0.567759447,1.008789063,0.988680174,1.201962167,Akapulko
0.469444444,0.530461202,1.033206831,0.979801538,1.215317313,Akapulko
0.459459459,0.547940305,1.009297521,0.985835761,1.224117633,Akapulko
0.510971787,0.569137258,1.020833333,0.989377673,1.195415776,Akapulko
0.402366864,0.529431465,1.019027484,0.988661902,1.174090723,Akapulko
0.492581602,0.574293961,1.005988024,0.987222553,1.204737806,Akapulko
0.513353116,0.57673237,1.011811024,0.988303617,1.20205769,Akapulko
0.5,0.565556271,1.013347023,0.988835762,1.212006478,Akapulko
0.47266881,0.564937344,1.00877193,0.988311992,1.201466453,Akapulko
0.439490446,0.443628798,1.106666667,0.982631874,1.237314754,Akapulko
0.462068966,0.554242223,1.013033175,0.990294244,1.20526022,Akapulko
0.504983389,0.56558241,1.017738359,0.985399184,1.20625379,Akapulko
0.469594595,0.551364667,1.014976959,0.987273149,1.208163265,Akapulko
0.491467577,0.581962009,1.006896552,0.98886972,1.187236198,Akapulko
0.51953125,0.580936456,1.007751938,0.987327553,1.210552514,Akapulko
0.507462687,0.568530182,1.004975124,0.991640368,1.233977723,Akapulko
0.52189781,0.548725465,1.044471154,0.980348436,1.18823351,Akapulko
0.451263538,0.492191596,1.078553616,0.985307467,1.181498669,Akapulko
0.502262443,0.565538391,1.022727273,0.985864705,1.196342356,Akapulko
0.553299492,0.565719629,1.024671053,0.984228018,1.228924627,Akapulko
0.532663317,0.576720353,1.01980198,0.986104079,1.203445915,Akapulko
0.6,0.565553046,1.014388489,0.984458809,1.283528919,Akapulko
0.639455782,0.571441913,1.014583333,0.984122639,1.281223922,Akapulko
0.577181208,0.56448661,1.010683761,0.984329089,1.275024876,Akapulko
0.653225806,0.598859455,1.009756098,0.981376907,1.229676787,Akapulko
0.32586558,0.411997325,1.035439137,0.987988389,1.326534058,Bayabas
0.376218324,0.405867845,1.077304965,0.986301914,1.328569703,Bayabas
0.387096774,0.409599016,1.07361516,0.985933557,1.346568253,Bayabas
0.38902148,0.442745483,1.04130809,0.989127725,1.323995813,Bayabas
0.328846154,0.396233143,1.04862119,0.985377535,1.350587806,Bayabas
0.364016736,0.404629524,1.046153846,0.982448037,1.396534354,Bayabas
0.371681416,0.404958117,1.064724919,0.977904715,1.360616377,Bayabas
0.404157044,0.422261145,1.040429043,0.983797319,1.418157658,Bayabas
0.476047904,0.482320666,1.013238289,0.984557585,1.397563094,Bayabas
0.398533007,0.446698698,1.034210526,0.987805366,1.34920667,Bayabas
0.449494949,0.453057251,1.052356021,0.986937946,1.344241661,Bayabas
0.412935323,0.444646553,1.041519435,0.986382962,1.356755108,Bayabas
0.388505747,0.45222045,1.03820598,0.98664678,1.307421437,Bayabas
0.349137931,0.411512109,1.0512,0.984348886,1.329442352,Bayabas
0.365853659,0.438929266,1.030597015,0.988837265,1.329430308,Bayabas
0.391705069,0.440836974,1.050664452,0.986850664,1.314284696,Bayabas
0.371764706,0.416136798,1.062822719,0.986966292,1.329492358,Bayabas
0.420634921,0.430268531,1.042910448,0.982078113,1.404350772,Bayabas
0.354330709,0.441927379,1.008754864,0.988447465,1.360066635,Bayabas
0.438953488,0.462663792,1.041497976,0.987361649,1.33244408,Bayabas
0.416201117,0.441964787,1.034653465,0.983911874,1.388861405,Bayabas
0.395833333,0.457640314,1.025695931,0.98726886,1.337043353,Bayabas
0.392330383,0.427301079,1.034042553,0.984523919,1.403442694,Bayabas
0.382089552,0.41542669,1.044372294,0.98357775,1.392886146,Bayabas
0.394658754,0.447098663,1.019230769,0.983806283,1.384175906,Bayabas
0.505703422,0.498900567,1.015189873,0.985984015,1.369791667,Bayabas
0.428571429,0.469106419,1.007537688,0.987050892,1.399358627,Bayabas
0.497512438,0.506509296,1.018394649,0.985561709,1.344571543,Bayabas
0.427927928,0.47626011,1.004769475,0.986510264,1.393182719,Bayabas
0.450867052,0.502854674,1.002008032,0.98487694,1.354275391,Bayabas
0.526570048,0.495455788,1.011146497,0.981782252,1.419235124,Niyog-Niyogan
0.497797357,0.428691953,1.050147493,0.96836329,1.483231178,Niyog-Niyogan
0.474074074,0.4372936,1.06281407,0.973537114,1.387617442,Niyog-Niyogan
0.523131673,0.495023062,1.028169014,0.975569612,1.366469284,Niyog-Niyogan
0.443089431,0.436956015,1.009873061,0.95947037,1.504207338,Niyog-Niyogan
0.428571429,0.413501592,1.02638191,0.964475475,1.529775997,Niyog-Niyogan
0.560126582,0.507078187,1.014198783,0.978609885,1.3861023,Niyog-Niyogan
0.491620112,0.441998615,1.05258216,0.953963698,1.425520362,Niyog-Niyogan
0.428571429,0.455668406,1.014938489,0.974240715,1.410476919,Niyog-Niyogan
0.48265896,0.486825347,1.015640274,0.981322008,1.381650367,Niyog-Niyogan
0.509695291,0.468278532,1.032228361,0.968921995,1.418467583,Niyog-Niyogan
0.434010152,0.411968358,1.044326241,0.958999115,1.480975095,Niyog-Niyogan
0.46969697,0.46609723,1.022774327,0.967867836,1.412749268,Niyog-Niyogan
0.493006993,0.475335938,1.047058824,0.979278337,1.345904813,Niyog-Niyogan
0.533333333,0.474063787,1.027514231,0.976216216,1.434673537,Niyog-Niyogan
0.425882353,0.425809416,1.021505376,0.952031831,1.48842924,Niyog-Niyogan
0.414168937,0.397263478,1.061776062,0.973036223,1.458328976,Niyog-Niyogan
0.453333333,0.463216416,1.017463235,0.979763583,1.41127247,Niyog-Niyogan
0.447643979,0.478016552,1.018115942,0.986472894,1.359232594,Niyog-Niyogan
0.487471526,0.475462745,1.022273425,0.964668125,1.401572454,Niyog-Niyogan
0.471655329,0.497560979,1.00618238,0.985363634,1.366606576,Niyog-Niyogan
0.41252302,0.443440092,1.024804178,0.969169229,1.398374358,Niyog-Niyogan
0.41697417,0.439147035,1.028683181,0.969106723,1.407646606,Niyog-Niyogan
0.478547855,0.458092589,1.026815642,0.972456924,1.427040195,Niyog-Niyogan
0.471910112,0.417104742,1.058748404,0.969031436,1.474814782,Niyog-Niyogan
0.881987578,0.378214717,1.202315325,0.925060091,1.437198776,Oregano
0.869074492,0.352676181,1.276299879,0.941046786,1.363709052,Oregano
0.814004376,0.373411503,1.19286578,0.928272785,1.469694743,Oregano
0.805869074,0.294816112,1.310776942,0.91456897,1.540306793,Oregano
0.830357143,0.362644758,1.212454212,0.928068817,1.46416805,Oregano
0.831018519,0.368195724,1.188607595,0.917206611,1.500783836,Oregano
0.860911271,0.331227898,1.261290323,0.927429229,1.486003851,Oregano
0.831134565,0.406712054,1.164502165,0.933418212,1.416007401,Oregano
0.896276596,0.314790279,1.277074543,0.922760731,1.533820752,Oregano
0.819078947,0.393780087,1.14673913,0.913163636,1.507167888,Oregano
0.821705426,0.321236839,1.324786325,0.934011359,1.391543276,Oregano
0.911016949,0.407866684,1.173719376,0.937934084,1.407216352,Oregano
0.778242678,0.347146967,1.248820755,0.930220688,1.434879442,Oregano
0.778242678,0.40647151,1.160756501,0.944267853,1.425173121,Oregano
0.768595041,0.416204302,1.16314554,0.947176844,1.383834968,Oregano
0.848039216,0.426870671,1.114666667,0.934832257,1.486542269,Oregano
0.840206186,0.450972494,1.100840336,0.942965294,1.42627757,Oregano
0.925465839,0.437664826,1.1197411,0.927379893,1.438361914,Oregano
0.901960784,0.508717407,1.041522491,0.944931083,1.439165701,Oregano
1.041666667,0.442398837,1.133196721,0.924358204,1.393275125,Oregano
0.831202046,0.364328076,1.213986014,0.936805764,1.454380022,Oregano
1.173112339,0.063856503,1.781077641,0.457739136,3.862416669,Lagundi
1.032012195,0.07510747,1.670424652,0.43803437,3.760760769,Lagundi
1.101788171,0.059394283,1.694371728,0.368202831,4.595238471,Lagundi
1.154401154,0.068460384,1.609919571,0.401041766,4.40948389,Lagundi
1.167091837,0.06667061,1.507660577,0.349009627,5.163946817,Lagundi
1.1918429,0.066674197,1.615942029,0.382251102,4.488887743,Lagundi
1.157287157,0.060194822,1.921352075,0.406999046,3.520328859,Lagundi
1.089285714,0.059250169,1.633761106,0.363526612,4.966910436,Lagundi
1.037558685,0.059384734,1.914296695,0.410157562,3.613402589,Lagundi
1.087179487,0.06607858,1.695687885,0.415173506,4.150232019,Lagundi
1.090265487,0.076468742,1.786259542,0.498895523,3.223876173,Lagundi
1.229166667,0.077211049,1.721631959,0.499564007,3.398478642,Lagundi
0.954144621,0.069156782,1.855851785,0.465512918,3.304501923,Lagundi
1.031825796,0.069211092,1.700329761,0.405709264,3.924111144,Lagundi
1.194957983,0.070875244,1.695518958,0.430392562,3.827214663,Lagundi
1.086799277,0.059154718,1.785869094,0.379394337,4.15935173,Lagundi
1.266323024,0.072078529,1.622298066,0.430218976,4.086136435,Lagundi
0.983271375,0.068524673,1.759380863,0.430545112,3.709425994,Lagundi
1.198606272,0.067423296,1.663625545,0.422110306,4.184498013,Lagundi
1.12605042,0.065960771,1.786067194,0.461577283,3.719454771,Lagundi
1.089397089,0.074644078,1.675473579,0.451113666,3.756244411,Lagundi
1.080373832,0.072214152,1.700404858,0.456544584,3.766045549,Lagundi
1.143776824,0.092139118,1.557393484,0.46275702,3.509105551,Lagundi
1.115546218,0.068789404,1.805168986,0.471000691,3.500242345,Lagundi
1.10782241,0.073922826,1.733935743,0.466256527,3.531661442,Lagundi
1.114722753,0.068369624,1.746491625,0.444110518,3.76523833,Lagundi
1.164705882,0.063586246,1.774211099,0.424367892,3.909661952,Lagundi
1.08988764,0.074352938,1.711362412,0.458505969,3.611650323,Lagundi
1.1015625,0.069243267,1.594607159,0.377702683,4.45444028,Lagundi
1.180952381,0.071275319,1.716703057,0.473986144,3.713302793,Lagundi
1.152882206,0.08137865,1.681606519,0.49551697,3.395744681,Lagundi
1.131034483,0.073509537,1.709277238,0.469457231,3.643141661,Lagundi
1.100515464,0.080262477,1.624309392,0.480735326,3.704906302,Lagundi
1.118518519,0.080267352,1.625,0.484928148,3.711161906,Lagundi
1.164456233,0.068642742,1.714110429,0.446265423,3.881220393,Lagundi
1.146453089,0.066020185,1.699412707,0.434617175,4.113192305,Lagundi
1.180929095,0.063663465,1.685955056,0.395945606,4.329702363,Lagundi
1.146276596,0.063100755,1.647861128,0.370626521,4.568046003,Lagundi
1.228323699,0.074224454,1.695003245,0.482628118,3.64906447,Lagundi
1.135501355,0.065614738,1.644853875,0.370085651,4.41758336,Lagundi
0.994652406,0.059501532,1.757718121,0.379895195,4.283761315,Lagundi
1.171532847,0.075920014,1.545071609,0.397562312,4.328231878,Lagundi
1.20212766,0.072502311,1.541935484,0.387585218,4.532429357,Lagundi
1.165413534,0.07230291,1.465217391,0.354729436,5.047747307,Lagundi
1.163498099,0.08105962,1.414462081,0.368341619,4.849240781,Lagundi
1.177272727,0.076587305,1.433054393,0.362211456,4.981204651,Lagundi
1.084615385,0.076335405,1.524029575,0.382387666,4.438794043,Lagundi
1.13253012,0.070870654,1.570349386,0.379793995,4.502019619,Lagundi
1.181818182,0.072864767,1.534791252,0.394221994,4.562178977,Lagundi
1.080851064,0.070807329,1.555897436,0.399058288,4.603223568,Lagundi
0.38700565,0.29129007,1.081799591,0.877180527,1.869117817,Balbas-pusa
0.428571429,0.336175879,1.028846154,0.902407973,1.869845621,Balbas-pusa
0.388888889,0.284573611,1.102449889,0.874473031,1.839333183,Balbas-pusa
0.441860465,0.319552189,1.072580645,0.899412389,1.816296901,Balbas-pusa
0.454545455,0.320558936,1.087662338,0.922583879,1.795264894,Balbas-pusa
0.361344538,0.269347759,1.082474227,0.869714033,1.94883839,Balbas-pusa
0.387573964,0.300087648,1.057692308,0.907135382,1.891817988,Balbas-pusa
0.391812865,0.304914033,1.063157895,0.902139447,1.851486749,Balbas-pusa
0.36627907,0.306141921,1.066098081,0.917071334,1.779164272,Balbas-pusa
0.434343434,0.287985211,1.123529412,0.865716771,1.833070188,Balbas-pusa
0.428571429,0.290370139,1.105527638,0.86982306,1.877724377,Balbas-pusa
0.369491525,0.329132209,1.033498759,0.925780653,1.769285793,Balbas-pusa
0.429657795,0.354012929,1.010695187,0.919111771,1.845785976,Balbas-pusa
0.329896907,0.306678348,1.037613489,0.921420565,1.788590819,Balbas-pusa
0.331081081,0.316244752,1.042091837,0.91687135,1.726872247,Balbas-pusa
0.402298851,0.277816915,1.129120879,0.849280801,1.834582943,Balbas-pusa
0.409961686,0.301425516,1.080381471,0.881383662,1.851431981,Balbas-pusa
0.326923077,0.270514182,1.118075802,0.895932083,1.745104232,Balbas-pusa
0.472477064,0.299975231,1.142410016,0.87694747,1.765112806,Balbas-pusa
0.352,0.341497533,1.041666667,0.935637999,1.652147792,Balbas-pusa
0.392712551,0.312608468,1.059766764,0.900794738,1.822254335,Balbas-pusa
0.386178862,0.294133082,1.076923077,0.889311062,1.883917775,Balbas-pusa
0.399082569,0.319589557,1.052631579,0.880781263,1.820677738,Balbas-pusa
0.45,0.343290553,1.063091483,0.889733295,1.755036261,Balbas-pusa
0.393305439,0.333005586,1.055722892,0.909484565,1.725234219,Balbas-pusa
0.399193548,0.337974535,1.066666667,0.92979769,1.685222047,Balbas-pusa
0.37826087,0.334384086,1.037974684,0.898329019,1.747445638,Balbas-pusa
0.404545455,0.316725747,1.07980456,0.900804943,1.767307519,Balbas-pusa
0.362831858,0.32184211,1.04723127,0.924077145,1.750118047,Balbas-pusa
0.37295082,0.275621225,1.139221557,0.921302676,1.74807117,Balbas-pusa
0.398340249,0.341420596,1.041666667,0.91864477,1.737850222,Balbas-pusa
0.349282297,0.32846614,1.082142857,0.917510992,1.5894364,Balbas-pusa
0.430051813,0.344687388,1.076363636,0.903137918,1.666389265,Balbas-pusa
0.346534653,0.308279418,1.08302583,0.921609246,1.672778895,Balbas-pusa
0.407582938,0.337454562,1.059121622,0.918319415,1.718859524,Balbas-pusa
0.411458333,0.359830346,1.036900369,0.937396352,1.677134011,Balbas-pusa
0.418367347,0.303016224,1.087272727,0.890805785,1.863852488,Balbas-pusa
0.415730337,0.325373692,1.098,0.893417287,1.687852383,Balbas-pusa
0.414772727,0.335161755,1.078629032,0.892447978,1.682997118,Balbas-pusa
0.342696629,0.340215904,1.023109244,0.893791759,1.691013861,Balbas-pusa
0.433333333,0.357333183,1.04288499,0.905037251,1.725027645,Balbas-pusa
0.400966184,0.350966766,1.039792388,0.92414804,1.703112609,Balbas-pusa
0.408602151,0.329230864,1.059386973,0.910558018,1.76435347,Balbas-pusa
0.45505618,0.320506915,1.091439689,0.872974443,1.796187866,Balbas-pusa
0.439306358,0.284951715,1.147773279,0.861803996,1.803566529,Balbas-pusa
0.407608696,0.37332176,1.017509728,0.910374188,1.698252523,Balbas-pusa
0.486111111,0.352833807,1.089622642,0.887720338,1.681962289,Balbas-pusa
0.437956204,0.362082813,1.084398977,0.916327614,1.586872587,Balbas-pusa
0.416107383,0.377990632,1.038095238,0.895536413,1.61559986,Balbas-pusa
0.35971223,0.35408999,1.050802139,0.911795516,1.596966912,Balbas-pusa
0.666666667,0.462755541,1.134353741,0.964840989,1.274858085,Yerba-Buena
0.725714286,0.474689121,1.116666667,0.957049328,1.310668161,Yerba-Buena
0.781609195,0.531056848,1.086038961,0.969252844,1.251136724,Yerba-Buena
0.728813559,0.499844544,1.074013158,0.959169824,1.346206002,Yerba-Buena
0.757225434,0.489114501,1.142384106,0.964151925,1.222977713,Yerba-Buena
0.791366906,0.496329459,1.109311741,0.95699532,1.289098727,Yerba-Buena
0.810218978,0.495407801,1.119433198,0.963400991,1.261363636,Yerba-Buena
0.876811594,0.53925514,1.044573643,0.961292312,1.339375953,Yerba-Buena
0.727848101,0.499548607,1.07195572,0.963316583,1.354050227,Yerba-Buena
0.737804878,0.493705339,1.088339223,0.955212405,1.331097397,Yerba-Buena
0.765100671,0.479547425,1.078244275,0.946101274,1.394352323,Yerba-Buena
0.795620438,0.520776511,1.073770492,0.961307764,1.31232973,Yerba-Buena
0.748148148,0.518988909,1.087606838,0.966052727,1.274299065,Yerba-Buena
0.834710744,0.560012543,1.05,0.958194822,1.28479815,Yerba-Buena
0.787401575,0.51422367,1.079646018,0.960098522,1.303232427,Yerba-Buena
0.857142857,0.539478534,1.065909091,0.968016402,1.28539659,Yerba-Buena
0.809160305,0.515719793,1.065957447,0.956098014,1.348024464,Yerba-Buena
0.694214876,0.535751336,1.044117647,0.962672639,1.313687476,Yerba-Buena
0.809160305,0.51987163,1.070212766,0.962040441,1.326645648,Yerba-Buena
0.74796748,0.499727409,1.070422535,0.949695647,1.368484702,Yerba-Buena
0.830508475,0.503219616,1.088785047,0.959611565,1.329806808,Yerba-Buena
0.705882353,0.49839341,1.0925,0.967181714,1.319778189,Yerba-Buena
0.663865546,0.502215143,1.104591837,0.957204905,1.254637662,Yerba-Buena
0.708661417,0.510337372,1.08372093,0.957546145,1.296065314,Yerba-Buena
0.772357724,0.516413506,1.073732719,0.958642174,1.309390408,Yerba-Buena
0.756756757,0.534337995,1.059585492,0.968809589,1.310839308,Yerba-Buena
0.775862069,0.584015351,1.03902439,0.967201835,1.237846811,Yerba-Buena
0.672268908,0.51758321,1.063451777,0.960674904,1.316553727,Yerba-Buena
0.87755102,0.573170065,1.046703297,0.963615194,1.272919499,Yerba-Buena
0.741935484,0.483210509,1.077102804,0.953670207,1.395986295,Yerba-Buena
0.715447154,0.498412846,1.042857143,0.953031062,1.422525956,Yerba-Buena
0.805309735,0.534929387,1.068965517,0.964049537,1.282489399,Yerba-Buena
0.778761062,0.546913794,1.0425,0.966662409,1.313953488,Yerba-Buena
0.724770642,0.581668874,1.034946237,0.954507513,1.255064859,Yerba-Buena
0.768518519,0.573531499,1.036842105,0.965258856,1.265208186,Yerba-Buena
0.785714286,0.539976199,1.053030303,0.95991778,1.319057816,Yerba-Buena
0.743119266,0.518731844,1.05026455,0.943993035,1.357055026,Yerba-Buena
0.714285714,0.51248459,1.064606742,0.960958005,1.344315466,Yerba-Buena
0.702702703,0.564629582,1.024064171,0.966280604,1.313609467,Yerba-Buena
0.860215054,0.579413702,1.023255814,0.969619823,1.302293016,Yerba-Buena
0.791666667,0.546610003,1.073529412,0.961666114,1.259016393,Yerba-Buena
0.717948718,0.511826437,1.0525,0.963432537,1.361407397,Yerba-Buena
0.710526316,0.532401559,1.046632124,0.964435146,1.335357918,Yerba-Buena
0.771084337,0.563104366,1.044827586,0.962114125,1.291200778,Yerba-Buena
0.717391304,0.516733887,1.080128205,0.958735373,1.300214133,Yerba-Buena
0.831325301,0.563721371,1.033333333,0.965942191,1.328462074,Yerba-Buena
0.708333333,0.519382554,1.067901235,0.961897356,1.319320938,Yerba-Buena
0.772151899,0.559435815,1.065217391,0.967077155,1.252338877,Yerba-Buena
0.673684211,0.51257868,1.050955414,0.94955109,1.368752814,Yerba-Buena
0.70212766,0.531959331,1.050632911,0.958898479,1.329618517,Yerba-Buena
0.918781726,0.50940227,1.027925532,0.977955426,1.472091487,Ulasimang-Bato
0.93220339,0.525129562,1.017647059,0.974197946,1.459447304,Ulasimang-Bato
0.988235294,0.530751028,1.019287834,0.9773485,1.432728002,Ulasimang-Bato
1,0.523795457,1.031772575,0.976913132,1.417948072,Ulasimang-Bato
1,0.550769693,1.022260274,0.98393802,1.383330133,Ulasimang-Bato
0.916666667,0.508446019,1.038720539,0.960646127,1.448289294,Ulasimang-Bato
0.965034965,0.516159322,1.023214286,0.975549769,1.463295269,Ulasimang-Bato
1.007407407,0.567257579,1.018587361,0.983815952,1.354381824,Ulasimang-Bato
0.870748299,0.535226162,1.009124088,0.97711928,1.444606526,Ulasimang-Bato
0.972027972,0.521134905,1.019572954,0.971461187,1.459826675,Ulasimang-Bato
0.951388889,0.521978393,1.023297491,0.97649434,1.456693495,Ulasimang-Bato
0.864864865,0.518087668,1.020072993,0.975246026,1.470464954,Ulasimang-Bato
0.985507246,0.528821406,1.025641026,0.977265995,1.422141396,Ulasimang-Bato
0.946969697,0.546246746,1.015625,0.981544885,1.403777437,Ulasimang-Bato
0.884057971,0.53575759,1.005813953,0.977029096,1.466039707,Ulasimang-Bato
0.975206612,0.532667116,1.014767932,0.971374802,1.455898848,Ulasimang-Bato
0.923664122,0.526439305,1.016,0.97221223,1.466191842,Ulasimang-Bato
0.928,0.529264911,1.0125,0.972909535,1.457579413,Ulasimang-Bato
0.975609756,0.565030743,1.010373444,0.986493987,1.384096024,Ulasimang-Bato
1.024,0.512867494,1.037549407,0.978173913,1.422348653,Ulasimang-Bato
0.881578947,0.506093841,1.045774648,0.969701106,1.433356791,Ulasimang-Bato
0.906976744,0.552213282,1.006147541,0.98038127,1.424674344,Ulasimang-Bato
0.899224806,0.549131178,1.016460905,0.983038348,1.403225806,Ulasimang-Bato
0.911290323,0.553046488,1.008510638,0.979883064,1.417071197,Ulasimang-Bato
0.894736842,0.511902468,1.017928287,0.969821298,1.487919526,Ulasimang-Bato
0.895522388,0.544434767,1.013888889,0.97207424,1.421373641,Ulasimang-Bato
0.918699187,0.541846349,1.023404255,0.974980453,1.393243785,Ulasimang-Bato
0.966101695,0.537185322,1.02173913,0.978752073,1.424547284,Ulasimang-Bato
0.959016393,0.536311168,1.018907563,0.981617288,1.421854766,Ulasimang-Bato
1.026315789,0.556921065,1.017467249,0.978347057,1.385910224,Ulasimang-Bato
1.077669903,0.565740696,1.016509434,0.980307115,1.367093148,Ulasimang-Bato
0.922413793,0.523278176,1.038461538,0.966615249,1.414795395,Ulasimang-Bato
0.980952381,0.538812576,1.026699029,0.96819788,1.409671533,Ulasimang-Bato
0.818181818,0.512855344,1.03196347,0.965716933,1.436675462,Ulasimang-Bato
0.93877551,0.541449874,1.029100529,0.970815962,1.382822086,Ulasimang-Bato
0.843478261,0.524650638,1.014218009,0.968837091,1.458551255,Ulasimang-Bato
0.83,0.526867863,1.027624309,0.967,1.430541193,Ulasimang-Bato
0.838095238,0.517756876,1.031413613,0.97026699,1.444652908,Ulasimang-Bato
0.904255319,0.546297962,1.02247191,0.969533749,1.387152778,Ulasimang-Bato
1.012658228,0.575740522,1.006369427,0.978609626,1.381420765,Ulasimang-Bato
0.949367089,0.504671572,1.052287582,0.957681693,1.422910663,Ulasimang-Bato
1,0.528719002,1.024390244,0.978574372,1.450315789,Ulasimang-Bato
0.869047619,0.54409749,1.012903226,0.967369137,1.436401968,Ulasimang-Bato
0.986111111,0.567275285,1.007092199,0.975616292,1.404009887,Ulasimang-Bato
0.85,0.519754507,1.020547945,0.963789032,1.481078138,Ulasimang-Bato
0.845238095,0.546068301,1.013071895,0.970034843,1.42816092,Ulasimang-Bato
1.050847458,0.554032664,1.016806723,0.978030303,1.416731216,Ulasimang-Bato
0.936507937,0.552396708,1,0.966043495,1.468009479,Ulasimang-Bato
0.846153846,0.535273169,1.012605042,0.955212355,1.445028294,Ulasimang-Bato
0.921875,0.529101598,1.008196721,0.968085106,1.481946625,Ulasimang-Bato
0.640625,0.566901208,1,0.986479656,1.344434482,Malunggay
0.635658915,0.541275651,1.002392344,0.984891899,1.398836287,Malunggay
0.705882353,0.579692312,1.002487562,0.987999473,1.334223171,Malunggay
0.730434783,0.577208751,1.005076142,0.986712329,1.341107872,Malunggay
0.64957265,0.594888354,1,0.985871272,1.287203243,Malunggay
0.699115044,0.571005853,1.002631579,0.985949178,1.353395998,Malunggay
0.719298246,0.571262835,1.00257732,0.983979402,1.358918447,Malunggay
0.651785714,0.569143379,1,0.986985521,1.347618263,Malunggay
0.660714286,0.55029632,1.010869565,0.984725382,1.367656766,Malunggay
0.666666667,0.552650807,1.008426966,0.984540559,1.371912491,Malunggay
0.660714286,0.572902677,1,0.987523992,1.342403628,Malunggay
0.63963964,0.548611201,1.005555556,0.979287915,1.377556371,Malunggay
0.654867257,0.528411598,1.005405405,0.985269218,1.43701667,Malunggay
0.635514019,0.563831294,1.002873563,0.985394879,1.331381519,Malunggay
0.679245283,0.549713795,1.002840909,0.986606335,1.400110072,Malunggay
0.638888889,0.551218881,1.005714286,0.983532392,1.371113155,Malunggay
0.663265306,0.574182526,1.00310559,0.984713902,1.336270191,Malunggay
0.75,0.573422891,1.009036145,0.983483772,1.34973638,Malunggay
0.685714286,0.54574219,1.005714286,0.986615328,1.404943319,Malunggay
0.627272727,0.555737703,1,0.986472054,1.369541682,Malunggay
0.680412371,0.538950631,1.00617284,0.980636833,1.404563405,Malunggay
0.644230769,0.536788867,0.997058824,0.984161989,1.419433693,Malunggay
0.632653061,0.58749524,1.003164557,0.987597225,1.293316305,Malunggay
0.744444444,0.593143154,1,0.98694517,1.329365079,Malunggay
0.724137931,0.584196607,1.013513514,0.983313749,1.30999044,Malunggay
0.659340659,0.595366714,1.006711409,0.984984985,1.280487805,Malunggay
0.744186047,0.561367497,1,0.987386478,1.406234032,Malunggay
0.619047619,0.535620176,1,0.988090349,1.418329177,Malunggay
0.677777778,0.572227322,1.003355705,0.985953015,1.348563007,Malunggay
0.625,0.56528854,0.996453901,0.983661036,1.362612613,Malunggay
0.666666667,0.557351582,1,0.982553729,1.389603706,Malunggay
0.64556962,0.584482354,1,0.978508217,1.301356589,Malunggay
0.701298701,0.588279031,1.011627907,0.982137358,1.303857008,Malunggay
0.716049383,0.602073034,1,0.983862144,1.306088407,Malunggay
0.666666667,0.584473641,1.01171875,0.983296565,1.3,Malunggay
0.666666667,0.587683311,1,0.981025793,1.321849501,Malunggay
0.686567164,0.596140218,1,0.984006734,1.318220701,Malunggay
0.774193548,0.589892439,1.009174312,0.981849611,1.309859155,Malunggay
0.692307692,0.593772954,0.995412844,0.978882534,1.314606742,Malunggay
0.656716418,0.602352333,1,0.983592401,1.294117647,Malunggay
0.423491379,0.391609899,1.048521607,0.97000358,1.529651082,Sambong
0.461868958,0.329490503,1.15857248,0.959268456,1.539713003,Sambong
0.445558739,0.372422788,1.064548163,0.95761312,1.593455234,Sambong
0.452287582,0.327192693,1.132432432,0.966618304,1.608471074,Sambong
0.438571429,0.38194305,1.047713718,0.962658589,1.591132896,Sambong
0.412204234,0.344057469,1.102473498,0.964070536,1.558236063,Sambong
0.406329114,0.332729611,1.125338142,0.949179752,1.537309723,Sambong
0.458024691,0.345651445,1.111346317,0.960477974,1.585520276,Sambong
0.373786408,0.334390201,1.072060124,0.934405379,1.621850297,Sambong
0.354271357,0.319319263,1.111627907,0.961003191,1.546504258,Sambong
0.355263158,0.384617402,1.018491484,0.975084361,1.530452423,Sambong
0.386281588,0.331772046,1.087826087,0.962764904,1.613992522,Sambong
0.421122995,0.325537473,1.118644068,0.953624852,1.611120988,Sambong
0.403656821,0.319637409,1.116349047,0.944436951,1.619024572,Sambong
0.356687898,0.360251153,1.061090226,0.968005775,1.503779975,Sambong
0.381770145,0.318205417,1.06937799,0.946561401,1.729581228,Sambong
0.465116279,0.353010531,1.133251834,0.954093631,1.505178128,Sambong
0.387147335,0.334781281,1.070135747,0.951424153,1.652433781,Sambong
0.351158645,0.299147942,1.127645503,0.938205827,1.59699724,Sambong
0.358934169,0.338517596,1.073903002,0.954994467,1.567685308,Sambong
0.343796712,0.350019281,1.045100223,0.963618331,1.567990054,Sambong
0.442553191,0.31286308,1.163204748,0.945388275,1.597072469,Sambong
0.384615385,0.418587733,1.025380711,0.964176458,1.446636318,Sambong
0.378698225,0.357621086,1.090322581,0.951484408,1.478555073,Sambong
0.37962963,0.289214356,1.192436975,0.95099528,1.528807561,Sambong
0.388059701,0.456284372,0.997297297,0.973803427,1.409385113,Tsaang-Gubat
0.50862069,0.50562972,1.011560694,0.973341232,1.388516941,Tsaang-Gubat
0.415384615,0.484315942,1.008241758,0.97648608,1.352340589,Tsaang-Gubat
0.552447552,0.448507546,1.009090909,0.956498097,1.605599773,Tsaang-Gubat
0.551020408,0.532256148,1.006666667,0.975505051,1.369919751,Tsaang-Gubat
0.476821192,0.477600222,1.013574661,0.969496695,1.425275302,Tsaang-Gubat
0.475806452,0.487208216,1.008241758,0.968831169,1.400995787,Tsaang-Gubat
0.456140351,0.435639722,1.016129032,0.95447648,1.514649103,Tsaang-Gubat
0.48,0.485178298,1.013636364,0.969085174,1.40625,Tsaang-Gubat
0.4875,0.4637426,1.042372881,0.97341179,1.397067055,Tsaang-Gubat
0.57,0.516767448,1.025641026,0.973641618,1.35359772,Tsaang-Gubat
0.441860465,0.467297832,1.005405405,0.953492681,1.428876798,Tsaang-Gubat
0.473684211,0.50064509,1.007246377,0.972827804,1.388437804,Tsaang-Gubat
0.497435897,0.462714369,1.024137931,0.961160021,1.455895936,Tsaang-Gubat
0.48502994,0.435343887,1.028455285,0.955201378,1.525028185,Tsaang-Gubat
0.460251046,0.38326836,1.070402299,0.949624145,1.553048204,Tsaang-Gubat
0.494791667,0.354409575,1.18006993,0.962402636,1.419455253,Tsaang-Gubat
0.481481481,0.473910903,1.017921147,0.96090665,1.41357771,Tsaang-Gubat
0.450777202,0.447963991,1.017985612,0.966977138,1.470315236,Tsaang-Gubat
0.457286432,0.418317005,1.029411765,0.956885352,1.53661434,Tsaang-Gubat
0.414634146,0.458395465,1,0.969493214,1.43231441,Tsaang-Gubat
0.381909548,0.429523293,1.005494505,0.955481358,1.468064454,Tsaang-Gubat
0.464052288,0.477726985,1.006756757,0.968877551,1.430094787,Tsaang-Gubat
0.409090909,0.468807515,1.008130081,0.973070399,1.380692961,Tsaang-Gubat
0.445714286,0.472728958,1.011952191,0.971285643,1.40605686,Tsaang-Gubat
0.903614458,0.376981348,1.216701903,0.929595584,1.409682208,Oregano
0.804347826,0.337123154,1.270531401,0.934205972,1.433142472,Oregano
0.84375,0.349308373,1.208232446,0.92035104,1.529148306,Oregano
0.9,0.371719876,1.217241379,0.920502789,1.435160065,Oregano
0.750915751,0.348916213,1.277777778,0.949880284,1.356431324,Oregano
0.808943089,0.348710774,1.261261261,0.929479306,1.406360424,Oregano
0.815261044,0.329642356,1.302222222,0.933979626,1.402836368,Oregano
0.823529412,0.375796586,1.194285714,0.933945027,1.46263769,Oregano
0.78057554,0.324844612,1.260649087,0.913896071,1.510415623,Oregano
0.883928571,0.337594097,1.257142857,0.907598158,1.480472662,Oregano
0.824626866,0.302993092,1.349385246,0.925673432,1.416226298,Oregano
0.746323529,0.301368634,1.295983087,0.92544479,1.531777957,Oregano
0.853125,0.36293547,1.246192893,0.941665289,1.39407963,Oregano
0.890282132,0.306293493,1.327787022,0.918717353,1.459201752,Oregano
0.746753247,0.320622669,1.287709497,0.934705995,1.451609598,Oregano
0.734748011,0.339443514,1.232006126,0.933770413,1.493314839,Oregano
0.75066313,0.308617476,1.29469697,0.927474204,1.48741792,Oregano
0.801282051,0.381511891,1.189285714,0.930407296,1.448064606,Oregano
0.860962567,0.344697478,1.228776978,0.925055489,1.504954949,Oregano
0.836065574,0.333570774,1.254843517,0.918415402,1.487785114,Oregano
0.826315789,0.359194993,1.212121212,0.933889751,1.479020762,Oregano
0.801007557,0.322621763,1.286115007,0.922526334,1.461958913,Oregano
0.831202046,0.364328076,1.213986014,0.936805764,1.454380022,Oregano
0.801488834,0.355616375,1.226896552,0.932209212,1.453395413,Oregano
0.812652068,0.362363829,1.204301075,0.930980747,1.482440605,Oregano
0.804878049,0.350602197,1.231756757,0.929068136,1.459216359,Oregano
0.865482234,0.339830612,1.253069577,0.922096031,1.472243529,Oregano
0.800925926,0.301987255,1.312741313,0.930844479,1.494585487,Oregano
0.850374065,0.314189715,1.282345013,0.919564511,1.510216028,Oregano
